instance,type,rows,cols,nnz,ganit_status,ganit_obj,ganit_time,ganit_iters,highs_status,highs_obj,highs_time,highs_relobj,cbc_status,cbc_obj,cbc_time,cbc_relobj,glpk_status,glpk_obj,glpk_time,glpk_relobj,scip_status,scip_obj,scip_time,scip_relobj
25fv47,LP,821,1571,10400,OPTIMAL,5502.624680048,0.28049999999999997,9024,Optimal,5501.84588828675,0.11455178260803223,0.00014152527202481764,Optimal,5501.8459,0.18988347053527832,0.00014152314314308604,Optimal,5501.845888,0.19096779823303223,0.00014152532414159964,Optimal,5501.845888286746,0.563727,0.00014152527202547884
adlittle,LP,56,97,383,OPTIMAL,225373.8517792,0.1411,2112,Optimal,225494.96316238036,0.0029799938201904297,0.0005370889193841317,Optimal,225494.96,0.008138895034790039,0.0005370749028053572,Optimal,225494.9632,0.004777193069458008,0.0005370890861251887,Optimal,225494.9631623802,0.007866999999999999,0.0005370889193834867
afiro,LP,27,32,83,OPTIMAL,-464.784891135,0.11760000000000001,256,Optimal,-464.75314285714285,0.0017611980438232422,6.81654613480505e-05,Optimal,-464.75314,0.006493806838989258,6.81715962237762e-05,Optimal,-464.7531429,0.0031075477600097656,6.816536932489504e-05,Optimal,-464.75314285714273,0.001669,6.81654613482946e-05
bgetam,LP,400,688,2409,PRIMAL_INFEASIBLE,-250.0050741939,0.1794,4736,Infeasible,nan,0.017748594284057617,nan,Infeasible,nan,0.007799386978149414,nan,Infeasible,nan,0.013247966766357422,nan,Infeasible,nan,0.005039,nan
etamacro,LP,400,688,2409,OPTIMAL,-756.1776975273,0.1388,2368,Optimal,-755.7152333749132,0.04540872573852539,0.0006111468779665598,Optimal,-755.71523,0.015613317489624023,0.0006111513406436446,Optimal,-755.7152333,0.01851487159729004,0.0006111469770248654,Optimal,-755.7152332694528,0.033094,0.0006111470174176923
greenbea,LP,2392,5405,30877,OPTIMAL,-72462422.32499,79.0244,5190272,Optimal,-72555248.12984605,0.26790547370910645,0.0012793809678735232,Optimal,-72555248.0,0.7045013904571533,0.0012793791805468919,Optimal,-72555248.13,0.5813064575195312,0.0012793809699925558,Optimal,-72555248.1298388,3.656303,0.0012793809677736326
shell,LP,536,1775,3556,OPTIMAL,1208825345.818,0.3016,9728,Optimal,1208825346.0,0.020107746124267578,1.505593196323886e-10,Optimal,1208825300.0,0.01529693603515625,3.7902912886004606e-08,Optimal,1208825346.0,0.01960015296936035,1.505593196323886e-10,Optimal,1208825346.0,0.028221,1.505593196323886e-10
stair,LP,356,467,3856,OPTIMAL,-251.291025572,0.7654000000000001,43968,Optimal,-251.26695119296335,0.04040336608886719,9.543215598714351e-05,Optimal,-251.26695,0.01840806007385254,9.543688541042248e-05,Optimal,-251.2669512,0.026451826095581055,9.543212809082848e-05,Optimal,-251.2669511929633,0.057143,9.543215598736886e-05
bell5,MILP,91,104,266,OPTIMAL,8966406.49152,350.8424,9178853,Optimal,8966406.49152,0.39160919189453125,0.0,Optimal,8966406.49152,6.723017692565918,0.0,Optimal,8966413.705,3.2359466552734375,8.044999296575397e-07,Optimal,8966406.49152,0.287005,0.0
dcmulti,MILP,290,548,1315,OPTIMAL,188188.0,0.4171,77,Optimal,188182.0,1.3641331195831299,3.188385773422679e-05,Optimal,188182.0,0.8464241027832031,3.188385773422679e-05,Optimal,188182.0,0.4954259395599365,3.188385773422679e-05,Optimal,188182.0,3.709601,3.188385773422679e-05
egout,MILP,98,141,282,OPTIMAL,568.1007,0.0427,35,Optimal,568.1007000000001,0.017294883728027344,1.9976576679947154e-16,Optimal,568.1007,0.02219223976135254,0.0,Optimal,568.1007,0.00861978530883789,0.0,Optimal,568.1007,0.014601999999999999,0.0
flugpl,MILP,18,18,46,OPTIMAL,1201500.0,0.0195,1557,Optimal,1201500.0,0.11245298385620117,0.0,Optimal,1201500.0,0.052292823791503906,0.0,Optimal,1201500.0,0.00921177864074707,0.0,Optimal,1201500.0,0.017183999999999998,0.0
gesa2,MILP,1392,1224,5064,OPTIMAL,25780672.30733,125.6657,33120,Optimal,25779856.371697918,0.6214077472686768,3.165012204370569e-05,Optimal,25779856.3716979,1.1077966690063477,3.165012204442824e-05,Integer Non-,nan,600.1371607780457,nan,Optimal,25779856.37169792,0.305361,3.165012204356119e-05
gt2,MILP,29,188,376,OPTIMAL,21166.0,0.0095,0,Optimal,21166.0,0.05041050910949707,0.0,Optimal,21166.0,0.05350947380065918,0.0,Integer Non-,nan,600.0436687469482,nan,Optimal,21166.0,0.06371199999999999,0.0
lseu,MILP,28,89,309,OPTIMAL,1120.0,0.5164,2280,Optimal,1120.0000000000002,0.25432300567626953,2.028311110109117e-16,Optimal,1120.0,0.24816417694091797,0.0,Optimal,1120.0,0.369718074798584,0.0,Optimal,1120.0,0.560766,0.0
p0548,MILP,176,548,1711,OPTIMAL,8691.0,4.4445,340,Optimal,8691.0,0.07563257217407227,0.0,Optimal,8691.0,0.09811663627624512,0.0,Optimal,8691.0,20.45946979522705,0.0,Optimal,8690.999999999996,0.125415,4.185433510229768e-16
rgn,MILP,24,180,460,OPTIMAL,82.19999924002,1.1641,2388,Optimal,82.19999923999991,0.2912569046020508,2.4151621094769203e-13,Optimal,82.19999924,2.036430835723877,2.404913896848303e-13,Optimal,82.19999924,0.671311616897583,2.404913896848303e-13,Optimal,82.19999923999998,0.451881,2.4066219322864055e-13
port_small,QP,28,1515,9828,OPTIMAL,-0.1466493272435,0.14620000000000002,768,Optimal,-0.146651183813736,0.05195283889770508,1.619123812216967e-06,N/A,nan,nan,nan,N/A,nan,nan,nan,Optimal,-0.14665208375588062,2.391823,2.403965788473137e-06
port_tiny,QP,12,155,548,OPTIMAL,-0.1370849348937,0.1214,192,Optimal,-0.13709390565768878,0.0033102035522460938,7.889202416925535e-06,N/A,nan,nan,nan,N/A,nan,nan,nan,Optimal,-0.1370942718912624,0.648797,8.211278337426498e-06
qblend_small,QP,372,960,4125,OPTIMAL,-1005933.131353,0.1263,704,Time limit reached,nan,600.0006709098816,nan,N/A,nan,nan,nan,N/A,nan,nan,nan,Optimal,-1005695.4835135012,0.716015,0.00023630175047292565
